,RandomForestRegressor,GradientBoostingRegressor
R2,-0.005429865006619572,0.24304325594288112
MSE,2484550711328.9497,3130393685819.306
MAE,322891.54831760464,328993.8690017547
