,RandomForestRegressor,GradientBoostingRegressor
R2,0.03998371830595837,0.07408485660050335
MSE,1930164383125.2927,15537442095197.746
MAE,314775.65033787105,333607.863441835
