,RandomForestRegressor,GradientBoostingRegressor
R2,0.08873670238765718,0.22463753803876974
MSE,6762404031737.847,5753895995332.125
MAE,390112.49828237126,375591.2982042208
